<?xml version="1.0" encoding="utf-8" standalone="yes"?>
<rss version="2.0" xmlns:atom="http://www.w3.org/2005/Atom">
  <channel>
    <title>Miscs on Harish Navnit</title>
    <link>http://tinvaan.me/misc/</link>
    <description>Recent content in Miscs on Harish Navnit</description>
    <generator>Hugo -- gohugo.io</generator>
    <language>en-us</language>
    <copyright>Copyright © 2020</copyright>
    <lastBuildDate>Sat, 12 Sep 2020 02:23:30 +0530</lastBuildDate>
    
	<atom:link href="http://tinvaan.me/misc/index.xml" rel="self" type="application/rss+xml" />
    
    
    <item>
      <title>HBD</title>
      <link>http://tinvaan.me/misc/hbd/</link>
      <pubDate>Sat, 12 Sep 2020 02:23:30 +0530</pubDate>
      
      <guid>http://tinvaan.me/misc/hbd/</guid>
      <description>&lt;p&gt;A good friend asked me to send her a handwritten letter for her birthday and I couldn&amp;rsquo;t quite make up my mind.&lt;/p&gt;
&lt;p&gt;&lt;img src=&#34;http://tinvaan.me/meme.jpg&#34; alt=&#34;Dilemma&#34;&gt;&lt;/p&gt;
&lt;p&gt;What do you think ? Pick your side at your peril.&lt;/p&gt;
&lt;ul&gt;
&lt;li&gt;&lt;a href=&#34;http://tinvaan.me/misc/abort&#34;&gt;Lettre d&amp;rsquo;amour&lt;/a&gt;&lt;/li&gt;
&lt;li&gt;&lt;a href=&#34;http://tinvaan.me/vasudha.html&#34;&gt;Happy birthday&lt;/a&gt;&lt;/li&gt;
&lt;/ul&gt;
</description>
    </item>
    
    <item>
      <title>OMG</title>
      <link>http://tinvaan.me/misc/abort/</link>
      <pubDate>Tue, 01 Sep 2020 17:57:44 +0530</pubDate>
      
      <guid>http://tinvaan.me/misc/abort/</guid>
      <description>&lt;p&gt;&lt;img src=&#34;http://tinvaan.me/shocked.gif&#34; alt=&#34;Dilemma&#34;&gt;&lt;/p&gt;
&lt;p&gt;Sorry, I wasn&amp;rsquo;t quite expecting you here. You&amp;rsquo;ll have to settle for just the &lt;a href=&#34;http://tinvaan.me/vasudha.html&#34;&gt;birthday wish&lt;/a&gt; this year.&lt;/p&gt;
</description>
    </item>
    
  </channel>
</rss>