<?xml version="1.0" encoding="utf-8" standalone="yes"?>
<rss version="2.0" xmlns:atom="http://www.w3.org/2005/Atom">
  <channel>
    <title>Tags on Harish Navnit</title>
    <link>http://tinvaan.me/tags/</link>
    <description>Recent content in Tags on Harish Navnit</description>
    <generator>Hugo -- gohugo.io</generator>
    <language>en-us</language>
    <copyright>Copyright © 2020</copyright>
    
	<atom:link href="http://tinvaan.me/tags/index.xml" rel="self" type="application/rss+xml" />
    
    
  </channel>
</rss>