<?xml version="1.0" encoding="utf-8" standalone="yes"?>
<rss version="2.0" xmlns:atom="http://www.w3.org/2005/Atom">
  <channel>
    <title>Personals on Harish Navnit</title>
    <link>http://tinvaan.me/personal/</link>
    <description>Recent content in Personals on Harish Navnit</description>
    <generator>Hugo -- gohugo.io</generator>
    <language>en-us</language>
    <copyright>Copyright © 2020</copyright>
    <lastBuildDate>Sun, 30 May 2021 18:10:53 +0530</lastBuildDate>
    
	<atom:link href="http://tinvaan.me/personal/index.xml" rel="self" type="application/rss+xml" />
    
    
    <item>
      <title>Year #7</title>
      <link>http://tinvaan.me/personal/number-7/</link>
      <pubDate>Sun, 30 May 2021 18:10:53 +0530</pubDate>
      
      <guid>http://tinvaan.me/personal/number-7/</guid>
      <description>&lt;p&gt;I know a football team jersey, for someone who isn&amp;rsquo;t an ardent follower of the sport, is an underwhelming gift to receive. Not like you were seeking or indeed expecting a gift to begin with anyway.&lt;/p&gt;
&lt;p&gt;But ofcourse, the 5th day of June is a special one for me. Six years ago, my life changed forever.&lt;/p&gt;
&lt;p&gt;As we enter the seventh year of having known one another, I couldn&amp;rsquo;t simply let it pass by without acknowledging the importance and gratitude I feel towards you.&lt;/p&gt;
&lt;p&gt;Though underwhelming to you, the Manchester United #7 shirt is as iconic a symbol as there is. It&amp;rsquo;s a hallmark of excellence and greatness.&lt;/p&gt;
&lt;p&gt;I’m inspired by your endeavour towards excellence. I’m certain that you’re destined for greatness and I hope to do whatever is within my capacity to help you on this journey.&lt;/p&gt;
&lt;p&gt;Thanks for everything Appu. This means more.&lt;/p&gt;
&lt;p&gt;&amp;ndash; ❤️&lt;/p&gt;
</description>
    </item>
    
  </channel>
</rss>