<?xml version="1.0" encoding="utf-8" standalone="yes"?>
<rss version="2.0" xmlns:atom="http://www.w3.org/2005/Atom">
  <channel>
    <title>Harish Navnit</title>
    <link>http://tinvaan.me/</link>
    <description>Recent content on Harish Navnit</description>
    <generator>Hugo -- gohugo.io</generator>
    <language>en-us</language>
    <copyright>Copyright © 2020</copyright>
    <lastBuildDate>Sat, 19 Sep 2020 18:05:52 +0530</lastBuildDate>
    
	<atom:link href="http://tinvaan.me/index.xml" rel="self" type="application/rss+xml" />
    
    
    <item>
      <title>Resume</title>
      <link>http://tinvaan.me/resume/</link>
      <pubDate>Mon, 02 Aug 2021 12:54:47 +0530</pubDate>
      
      <guid>http://tinvaan.me/resume/</guid>
      <description>
&lt;object data=&#34;/resume.pdf&#34; type=&#34;application/pdf&#34; width=&#34;900px&#34; height=&#34;900px&#34;&gt;
    &lt;embed src=&#34;http://tinvaan.me/resume.pdf&#34;&gt;
        &lt;p&gt;
            This browser does not support PDFs.
            Please download the PDF to view it: &lt;a href=&#34;http://tinvaan.me/resume.pdf&#34;&gt;Download PDF&lt;/a&gt;.
        &lt;/p&gt;
    &lt;/embed&gt;
&lt;/object&gt;

</description>
    </item>
    
    <item>
      <title>Year #7</title>
      <link>http://tinvaan.me/personal/number-7/</link>
      <pubDate>Sun, 30 May 2021 18:10:53 +0530</pubDate>
      
      <guid>http://tinvaan.me/personal/number-7/</guid>
      <description>&lt;p&gt;I know a football team jersey, for someone who isn&amp;rsquo;t an ardent follower of the sport, is an underwhelming gift to receive. Not like you were seeking or indeed expecting a gift to begin with anyway.&lt;/p&gt;
&lt;p&gt;But ofcourse, the 5th day of June is a special one for me. Six years ago, my life changed forever.&lt;/p&gt;
&lt;p&gt;As we enter the seventh year of having known one another, I couldn&amp;rsquo;t simply let it pass by without acknowledging the importance and gratitude I feel towards you.&lt;/p&gt;
&lt;p&gt;Though underwhelming to you, the Manchester United #7 shirt is as iconic a symbol as there is. It&amp;rsquo;s a hallmark of excellence and greatness.&lt;/p&gt;
&lt;p&gt;I’m inspired by your endeavour towards excellence. I’m certain that you’re destined for greatness and I hope to do whatever is within my capacity to help you on this journey.&lt;/p&gt;
&lt;p&gt;Thanks for everything Appu. This means more.&lt;/p&gt;
&lt;p&gt;&amp;ndash; ❤️&lt;/p&gt;
</description>
    </item>
    
    <item>
      <title>Conference &amp; Summits</title>
      <link>http://tinvaan.me/talks/</link>
      <pubDate>Tue, 22 Sep 2020 20:13:47 +0530</pubDate>
      
      <guid>http://tinvaan.me/talks/</guid>
      <description>&lt;h3 id=&#34;--presentations&#34;&gt;📜  Presentations&lt;/h3&gt;
&lt;h4 id=&#34;convergent-applications-using-kirigami-ui-slideshttpsdocsgooglecompresentationd1u96exbkwbs1x71z3yoc0b_gzdorou8erp9s8kdzokeuedituspsharingvideohttpswwwyoutubecomwatchvdf9hfzzl7tc&#34;&gt;Convergent applications using Kirigami UI [&lt;a href=&#34;https://docs.google.com/presentation/d/1U96exbkwBs1x71Z3yOC0B_gzdoRoU8ErP9S8kdzokEU/edit?usp=sharing&#34;&gt;slides&lt;/a&gt;][&lt;a href=&#34;https://www.youtube.com/watch?v=Df9hFzZl7Tc&#34;&gt;video&lt;/a&gt;]&lt;/h4&gt;
&lt;ul&gt;
&lt;li&gt;🏢 &lt;a href=&#34;https://2018.fossasia.org&#34;&gt;FOSSASIA summit, 2018&lt;/a&gt;, Lifelong learning institute, Singapore&lt;/li&gt;
&lt;/ul&gt;
&lt;h4 id=&#34;modern-day-makefile-generators-slideshttpsdocsgooglecompresentationd1y1hhnsona_jyptvc_-j6jegshvzmeyzufeqwjgj4pqcedituspsharing&#34;&gt;Modern day Makefile generators [&lt;a href=&#34;https://docs.google.com/presentation/d/1y1hHNSonA_jyptVC_-j6jEgShVZMEyZuFEQWjGj4pQc/edit?usp=sharing&#34;&gt;slides&lt;/a&gt;]&lt;/h4&gt;
&lt;ul&gt;
&lt;li&gt;🏢 &lt;a href=&#34;https://india2017.wikitolearn.events&#34;&gt;WikiToLearn conf, 2017&lt;/a&gt;, LNMIIT, Jaipur, India [&lt;a href=&#34;https://www.youtube.com/watch?v=tSN318rT-zs&#34;&gt;video&lt;/a&gt;]&lt;/li&gt;
&lt;li&gt;🏢 &lt;a href=&#34;https://dot.kde.org/2017/01/12/confkdein-2017&#34;&gt;conf.kde.in, 2017&lt;/a&gt;, IIT Guwahati, India&lt;/li&gt;
&lt;/ul&gt;
&lt;h3 id=&#34;--sprints--meetups&#34;&gt;🍻  Sprints / Meetups&lt;/h3&gt;
&lt;h4 id=&#34;kde-developers-sprint&#34;&gt;KDE developers sprint&lt;/h4&gt;
&lt;ul&gt;
&lt;li&gt;
&lt;p&gt;🌍 &lt;a href=&#34;https://randa-meetings.ch&#34;&gt;Randa Meetings&lt;/a&gt;, Randa, Switzerland&lt;/p&gt;
&lt;ul&gt;
&lt;li&gt;📆 2015, 2017&lt;/li&gt;
&lt;li&gt;📓 &lt;a href=&#34;https://tinvaan.wordpress.com/tag/randa/&#34;&gt;Blog entries&lt;/a&gt;&lt;/li&gt;
&lt;/ul&gt;
&lt;/li&gt;
&lt;li&gt;
&lt;p&gt;🌍 &lt;a href=&#34;https://dot.kde.org/2016/03/23/plasma-team-gets-physical&#34;&gt;KDE @ CERN&lt;/a&gt; CERN, Geneva, Switzerland&lt;/p&gt;
&lt;ul&gt;
&lt;li&gt;📆 2016&lt;/li&gt;
&lt;li&gt;📓 &lt;a href=&#34;https://tinvaan.wordpress.com/2016/03/17/kde-sprint-geneva-2016&#34;&gt;Blog entry&lt;/a&gt;&lt;/li&gt;
&lt;/ul&gt;
&lt;/li&gt;
&lt;/ul&gt;
</description>
    </item>
    
    <item>
      <title>HBD</title>
      <link>http://tinvaan.me/misc/hbd/</link>
      <pubDate>Sat, 12 Sep 2020 02:23:30 +0530</pubDate>
      
      <guid>http://tinvaan.me/misc/hbd/</guid>
      <description>&lt;p&gt;A good friend asked me to send her a handwritten letter for her birthday and I couldn&amp;rsquo;t quite make up my mind.&lt;/p&gt;
&lt;p&gt;&lt;img src=&#34;http://tinvaan.me/meme.jpg&#34; alt=&#34;Dilemma&#34;&gt;&lt;/p&gt;
&lt;p&gt;What do you think ? Pick your side at your peril.&lt;/p&gt;
&lt;ul&gt;
&lt;li&gt;&lt;a href=&#34;http://tinvaan.me/misc/abort&#34;&gt;Lettre d&amp;rsquo;amour&lt;/a&gt;&lt;/li&gt;
&lt;li&gt;&lt;a href=&#34;http://tinvaan.me/vasudha.html&#34;&gt;Happy birthday&lt;/a&gt;&lt;/li&gt;
&lt;/ul&gt;
</description>
    </item>
    
    <item>
      <title>Testimonials</title>
      <link>http://tinvaan.me/testimonials/</link>
      <pubDate>Tue, 01 Sep 2020 17:59:10 +0530</pubDate>
      
      <guid>http://tinvaan.me/testimonials/</guid>
      <description>&lt;p&gt;&lt;!-- raw HTML omitted --&gt;&lt;!-- raw HTML omitted --&gt;&lt;/p&gt;
&lt;blockquote&gt;
&lt;p&gt;&amp;ldquo;Harish is self motivated and a good communicator. It was a pleasure working with him.&amp;rdquo;&lt;/p&gt;
&lt;p&gt; &lt;/p&gt;
&lt;p&gt;&amp;ndash; &lt;!-- raw HTML omitted --&gt;&lt;a href=&#34;%22https://www.linkedin.com/in/ruthhaller%22&#34;&gt;Ruth Haller&lt;/a&gt;, Co-Founder / CEO Anapi&lt;!-- raw HTML omitted --&gt;&lt;/p&gt;
&lt;/blockquote&gt;
&lt;blockquote&gt;
&lt;p&gt;&amp;ldquo;Harish is always eager to learn, hardworking and trustworthy. I&amp;rsquo;ve enjoyed working together with him.&amp;rdquo;&lt;/p&gt;
&lt;p&gt; &lt;/p&gt;
&lt;p&gt;&amp;ndash; &lt;!-- raw HTML omitted --&gt;&lt;a href=&#34;http://kennyshen.dev&#34;&gt;Kenny Shen&lt;/a&gt;, Co-Founder / CTO Anapi&lt;!-- raw HTML omitted --&gt;&lt;/p&gt;
&lt;/blockquote&gt;
&lt;blockquote&gt;
&lt;p&gt;&amp;ldquo;Harish&amp;rsquo;s main strength is his unending curiosity and relentless pursuit to learn new topics, even beyond his areas of expertise. He is definitely one of the brightest individuals I have mentored so far.&amp;rdquo;&lt;/p&gt;
&lt;p&gt; &lt;/p&gt;
&lt;p&gt;&amp;ndash; &lt;!-- raw HTML omitted --&gt;&lt;a href=&#34;https://www.linkedin.com/in/sai-vikneshwar-9857b32a/&#34;&gt;Sai Vikneshwar, PhD&lt;/a&gt; , Software Engineer, Amazon&lt;!-- raw HTML omitted --&gt;&lt;/p&gt;
&lt;/blockquote&gt;
&lt;blockquote&gt;
&lt;p&gt;&amp;ldquo;Harish is a great guy to work with. We worked on challenging problems during our time at Spectral Insights. He was always very professional in his approach.&lt;/p&gt;
&lt;p&gt; &lt;/p&gt;
&lt;p&gt;His technical knowledge and programming acumen contributed towards the timely delivery of features. His contribution towards open source community is impressive as well.  I would love the opportunity to work with him again.&amp;rdquo;&lt;/p&gt;
&lt;p&gt; &lt;/p&gt;
&lt;p&gt;&amp;ndash; &lt;!-- raw HTML omitted --&gt;&lt;a href=&#34;https://www.linkedin.com/in/rajnikhil&#34;&gt;Nikhil Raj&lt;/a&gt;, Software Engineer, Microsoft&lt;!-- raw HTML omitted --&gt;&lt;/p&gt;
&lt;/blockquote&gt;
&lt;blockquote&gt;
&lt;p&gt;&amp;ldquo;Harish was my co-worker and mentor when I was at Anapi. This was my first software engineering role. He is easy to work with and very patient with new engineers.&lt;/p&gt;
&lt;p&gt; &lt;/p&gt;
&lt;p&gt;He provided me with valuable guidance and feedback with regards to software engineering skills, placing emphasis on solving problems and keeping things simple.&lt;/p&gt;
&lt;p&gt; &lt;/p&gt;
&lt;p&gt;It was delightful to work with him.&amp;rdquo;&lt;/p&gt;
&lt;p&gt; &lt;/p&gt;
&lt;p&gt;&amp;ndash; &lt;!-- raw HTML omitted --&gt;&lt;a href=&#34;https://www.linkedin.com/in/noel-kwan-17484b119/&#34;&gt;Noel Kwan&lt;/a&gt;, Software Engineer, Holmusk&lt;!-- raw HTML omitted --&gt;&lt;/p&gt;
&lt;/blockquote&gt;
</description>
    </item>
    
    <item>
      <title>Work</title>
      <link>http://tinvaan.me/work/</link>
      <pubDate>Tue, 01 Sep 2020 17:58:50 +0530</pubDate>
      
      <guid>http://tinvaan.me/work/</guid>
      <description></description>
    </item>
    
    <item>
      <title>About</title>
      <link>http://tinvaan.me/about/</link>
      <pubDate>Tue, 01 Sep 2020 17:58:46 +0530</pubDate>
      
      <guid>http://tinvaan.me/about/</guid>
      <description></description>
    </item>
    
    <item>
      <title>Blog</title>
      <link>http://tinvaan.me/blog/</link>
      <pubDate>Tue, 01 Sep 2020 17:57:44 +0530</pubDate>
      
      <guid>http://tinvaan.me/blog/</guid>
      <description></description>
    </item>
    
    <item>
      <title>OMG</title>
      <link>http://tinvaan.me/misc/abort/</link>
      <pubDate>Tue, 01 Sep 2020 17:57:44 +0530</pubDate>
      
      <guid>http://tinvaan.me/misc/abort/</guid>
      <description>&lt;p&gt;&lt;img src=&#34;http://tinvaan.me/shocked.gif&#34; alt=&#34;Dilemma&#34;&gt;&lt;/p&gt;
&lt;p&gt;Sorry, I wasn&amp;rsquo;t quite expecting you here. You&amp;rsquo;ll have to settle for just the &lt;a href=&#34;http://tinvaan.me/vasudha.html&#34;&gt;birthday wish&lt;/a&gt; this year.&lt;/p&gt;
</description>
    </item>
    
  </channel>
</rss>